<annotation>
	<folder>batch1</folder>
	<filename>WIN_20250205_16_23_11_Pro.jpg</filename>
	<path>C:\Users\owend\images\batch1\WIN_20250205_16_23_11_Pro.jpg</path>
	<source>
		<database>Unknown</database>
	</source>
	<size>
		<width>640</width>
		<height>360</height>
		<depth>1</depth>
	</size>
	<segmented>0</segmented>
	<object>
		<name>pupil</name>
		<pose>Unspecified</pose>
		<truncated>0</truncated>
		<difficult>0</difficult>
		<bndbox>
			<xmin>295</xmin>
			<ymin>155</ymin>
			<xmax>331</xmax>
			<ymax>193</ymax>
		</bndbox>
	</object>
</annotation>
