<annotation>
   <folder>to_be_labeled</folder>
   <filename>WIN_20250220_20_01_08_Pro.jpg</filename>
   <path>C:\Users\owend\Projects\Eye_tracker/to_be_labeled\WIN_20250220_20_01_08_Pro.jpg</path>
   <source>
      <database>Unknown</database>
   </source>
   <size>
      <width>640</width>
      <height>360</height>
      <depth>1</depth>
   </size>
   <segmented>0</segmented>
   <object>
      <name>negative</name>
      <pose>Unspecified</pose>
      <truncated>0</truncated>
      <difficult>0</difficult>
      <bndbox>
         <xmin>0</xmin>
         <ymin>0</ymin>
         <xmax>0</xmax>
         <ymax>0</ymax>
      </bndbox>
   </object>
</annotation>